3AA,Norm Hydrophobicity,1AA,Hydrophobicity
Ala,74.85380117,A,51
Cys,100,C,137
Leu,90.05847953,L,103
Met,81.28654971,M,73
Glu,26.31578947,E,-115
Gln,22.51461988,Q,-128
His,43.85964912,H,-55
Lys,0,K,-205
Val,91.52046784,V,108
Ile,90.93567251,I,106
Phe,91.52046784,F,108
Tyr,63.15789474,Y,11
Trp,80.11695906,W,69
Thr,59.06432749,T,-3
Gly,56.14035088,G,-13
Ser,52.33918129,S,-26
Asp,37.13450292,D,-78
Asn,35.38011696,N,-84
Pro,36.84210526,P,-79
Arg,17.83625731,R,-144